Workbook

Sheet DANH MỤC SẢN PHẨM
A1: STT | B1: Mã SP | C1: Tên sản phẩm | D1: Đơn vị tính | E1: Đơn giá (VNĐ) | F1: Nhóm hàng
A2: 1 | B2: SP001 | C2: Sữa tươi Vinamilk 1L | D2: Hộp | E2: 32000 | F2: Đồ uống
A3: 2 | B3: SP002 | C3: Bánh Oreo 133g | D3: Gói | E3: 18000 | F3: Bánh kẹo
A4: 3 | B4: SP003 | C4: Dầu ăn Tường An 1L | D4: Chai | E4: 52000 | F4: Gia vị
A5: 4 | B5: SP004 | C5: Mì Hảo Hảo tôm chua cay | D5: Thùng | E5: 110000 | F5: Thực phẩm
A6: 5 | B6: SP005 | C6: Nước suối Lavie 500ml | D6: Chai | E6: 6000 | F6: Đồ uống
A7: 6 | B7: SP006 | C7: Café lạnh | D7: Lon | E7: 15000 | F7: Đồ uống
A8: 7 | B8: SP007 | C8: Xúc xích | D8: Cái | E8: 8000 | F8: Thực phẩm
A9: 8 | B9: SP008 | C9: Kẹo Socola | D9: Thỏi | E9: 20000 | F9: Bánh kẹo

Sheet BẢNG BÁN HÀNG
A1: Ngày bán | B1: Mã SP | C1: Tên SP | D1: Số lượng | E1: Đơn giá | F1: Thành tiền | G1: Ghi chú
A2: 01/11/2025 | B2: SP001 | C2: =VLOOKUP(B2,'DANH MỤC SẢN PHẨM'!$B$2:$C$9,2,1) -> Sữa tươi Vinamilk 1L | D2: 5 | E2: =VLOOKUP(B2,'DANH MỤC SẢN PHẨM'!$B$2:$E$9,4,1) -> 32000 | F2: =D2*E2 -> 160000 | G2: =VLOOKUP(B2,'DANH MỤC SẢN PHẨM'!$B$2:$F$9,5,1) -> Đồ uống
A3: 02/11/2025 | B3: SP002 | C3: =VLOOKUP(B3,'DANH MỤC SẢN PHẨM'!$B$2:$C$9,2,1) -> Bánh Oreo 133g | D3: 10 | E3: =VLOOKUP(B3,'DANH MỤC SẢN PHẨM'!$B$2:$E$9,4,1) -> 18000 | F3: =D3*E3 -> 180000 | G3: =VLOOKUP(B3,'DANH MỤC SẢN PHẨM'!$B$2:$F$9,5,1) -> Bánh kẹo
A4: 02/11/2025 | B4: SP003 | C4: =VLOOKUP(B4,'DANH MỤC SẢN PHẨM'!$B$2:$C$9,2,1) -> Dầu ăn Tường An 1L | D4: 2 | E4: =VLOOKUP(B4,'DANH MỤC SẢN PHẨM'!$B$2:$E$9,4,1) -> 52000 | F4: =D4*E4 -> 104000 | G4: =VLOOKUP(B4,'DANH MỤC SẢN PHẨM'!$B$2:$F$9,5,1) -> Gia vị
A5: 03/11/2025 | B5: SP001 | C5: =VLOOKUP(B5,'DANH MỤC SẢN PHẨM'!$B$2:$C$9,2,1) -> Sữa tươi Vinamilk 1L | D5: 8 | E5: =VLOOKUP(B5,'DANH MỤC SẢN PHẨM'!$B$2:$E$9,4,1) -> 32000 | F5: =D5*E5 -> 256000 | G5: =VLOOKUP(B5,'DANH MỤC SẢN PHẨM'!$B$2:$F$9,5,1) -> Đồ uống
A6: 03/11/2025 | B6: SP005 | C6: =VLOOKUP(B6,'DANH MỤC SẢN PHẨM'!$B$2:$C$9,2,1) -> Nước suối Lavie 500ml | D6: 15 | E6: =VLOOKUP(B6,'DANH MỤC SẢN PHẨM'!$B$2:$E$9,4,1) -> 6000 | F6: =D6*E6 -> 90000 | G6: =VLOOKUP(B6,'DANH MỤC SẢN PHẨM'!$B$2:$F$9,5,1) -> Đồ uống

Sheet BÁO CÁO – THỐNG KÊ
A1: BÁO CÁO DOANH THU BÁN HÀNG
A2: Nhóm hàng | B2: Tổng số lượng | C2: Tổng doanh thu | D2: Doanh thu cao nhất | E2: Ngày bán nhiều nhất
A3: Đồ uống | B3: =SUMIF('BẢNG BÁN HÀNG'!G$2:G$6, "Đồ uống", 'BẢNG BÁN HÀNG'!D$2:D$6) -> 28 | C3: =SUMIF('BẢNG BÁN HÀNG'!G$2:G$6, "Đồ uống",'BẢNG BÁN HÀNG'!F$2:F$6) -> 506000 | D3: =_xlfn.MAXIFS('BẢNG BÁN HÀNG'!F$2:F$6, 'BẢNG BÁN HÀNG'!G$2:G$6, "Đồ uống") -> 256000 | E3: =IFERROR( INDEX('BẢNG BÁN HÀNG'!A$2:A$6, MATCH( _xlfn.MAXIFS('BẢNG BÁN HÀNG'!F$2:F$6, 'BẢNG BÁN HÀNG'!G$2:G$6, "Đồ uống"), 'BẢNG BÁN HÀNG'!F$2:F$6, 0) ), "Chưa bán") -> 03/11/2025
A4: Bánh kẹo | B4: =SUMIF('BẢNG BÁN HÀNG'!G$2:G$6, "Bánh kẹo", 'BẢNG BÁN HÀNG'!D$2:D$6) -> 10 | C4: =SUMIF('BẢNG BÁN HÀNG'!G$2:G$6, "Bánh kẹo",'BẢNG BÁN HÀNG'!F$2:F$6) -> 180000 | D4: =_xlfn.MAXIFS('BẢNG BÁN HÀNG'!F$2:F$6, 'BẢNG BÁN HÀNG'!G$2:G$6, "Bánh kẹo") -> 180000 | E4: =IFERROR( INDEX('BẢNG BÁN HÀNG'!A$2:A$6, MATCH( _xlfn.MAXIFS('BẢNG BÁN HÀNG'!F$2:F$6, 'BẢNG BÁN HÀNG'!G$2:G$6, "Bánh kẹo"), 'BẢNG BÁN HÀNG'!F$2:F$6, 0) ), "Chưa bán") -> 02/11/2025
A5: Gia vị | B5: =SUMIF('BẢNG BÁN HÀNG'!G$2:G$6, "Gia vị", 'BẢNG BÁN HÀNG'!D$2:D$6) -> 2 | C5: =SUMIF('BẢNG BÁN HÀNG'!G$2:G$6, "Gia vị",'BẢNG BÁN HÀNG'!F$2:F$6) -> 104000 | D5: =_xlfn.MAXIFS('BẢNG BÁN HÀNG'!F$2:F$6, 'BẢNG BÁN HÀNG'!G$2:G$6, "Gia vị") -> 104000 | E5: =IFERROR( INDEX('BẢNG BÁN HÀNG'!A$2:A$6, MATCH( _xlfn.MAXIFS('BẢNG BÁN HÀNG'!F$2:F$6, 'BẢNG BÁN HÀNG'!G$2:G$6, "Gia vị"), 'BẢNG BÁN HÀNG'!F$2:F$6, 0) ), "Chưa bán") -> 02/11/2025
A6: Thực phẩm | B6: =SUMIF('BẢNG BÁN HÀNG'!G$2:G$6, "Thực phẩm", 'BẢNG BÁN HÀNG'!D$2:D$6) -> 0 | C6: =SUMIF('BẢNG BÁN HÀNG'!G$2:G$6, "Thực phẩm",'BẢNG BÁN HÀNG'!F$2:F$6) -> 0 | D6: =_xlfn.MAXIFS('BẢNG BÁN HÀNG'!F$2:F$6, 'BẢNG BÁN HÀNG'!G$2:G$6, "Thực phẩm") -> 0 | E6: =IFERROR( INDEX('BẢNG BÁN HÀNG'!A$2:A$6, MATCH( _xlfn.MAXIFS('BẢNG BÁN HÀNG'!F$2:F$6, 'BẢNG BÁN HÀNG'!G$2:G$6, "Thực phẩm"), 'BẢNG BÁN HÀNG'!F$2:F$6, 0) ), "Chưa bán") -> Chưa bán
